{
  "Logistic Regression": {
    "roc_auc": 0.9241379310344828,
    "accuracy": 0.9230769230769231,
    "f1": 0.9491525423728814
  },
  "Random Forest": {
    "roc_auc": 0.9620689655172414,
    "accuracy": 0.9230769230769231,
    "f1": 0.9491525423728814
  },
  "Gradient Boosting": {
    "roc_auc": 0.9689655172413794,
    "accuracy": 0.9230769230769231,
    "f1": 0.9473684210526315
  },
  "Extra Trees": {
    "roc_auc": 0.9827586206896551,
    "accuracy": 0.9487179487179487,
    "f1": 0.9655172413793104
  },
  "AdaBoost": {
    "roc_auc": 0.9758620689655173,
    "accuracy": 0.8974358974358975,
    "f1": 0.9310344827586207
  },
  "KNN": {
    "roc_auc": 0.9637931034482758,
    "accuracy": 0.9230769230769231,
    "f1": 0.9491525423728814
  },
  "SVC": {
    "roc_auc": 0.9551724137931035,
    "accuracy": 0.9230769230769231,
    "f1": 0.9508196721311475
  },
  "MLP": {
    "roc_auc": 0.9827586206896552,
    "accuracy": 0.9487179487179487,
    "f1": 0.9655172413793104
  },
  "XGBoost": {
    "roc_auc": 0.9758620689655173,
    "accuracy": 0.9230769230769231,
    "f1": 0.9491525423728814
  },
  "LightGBM": {
    "roc_auc": 0.9517241379310346,
    "accuracy": 0.9230769230769231,
    "f1": 0.9491525423728814
  },
  "CatBoost": {
    "roc_auc": 0.9827586206896551,
    "accuracy": 0.9487179487179487,
    "f1": 0.9655172413793104
  }
}